"date","home.team","home.score","away.team","away.score"
2017-08-18,"Leganes",1,"Alaves",0
2017-08-18,"Valencia",1,"Las Palmas",0
2017-08-19,"Celta",2,"Sociedad",3
2017-08-19,"Girona",2,"Ath Madrid",2
2017-08-19,"Sevilla",1,"Espanol",1
2017-08-20,"Ath Bilbao",0,"Getafe",0
2017-08-20,"Barcelona",2,"Betis",0
2017-08-20,"La Coruna",0,"Real Madrid",3
2017-08-21,"Levante",1,"Villarreal",0
2017-08-21,"Malaga",0,"Eibar",1
2017-08-25,"Betis",2,"Celta",1
2017-08-25,"Sociedad",3,"Villarreal",0
2017-08-26,"Alaves",0,"Barcelona",2
2017-08-26,"Girona",1,"Malaga",0
2017-08-26,"Las Palmas",1,"Ath Madrid",5
2017-08-26,"Levante",2,"La Coruna",2
2017-08-27,"Eibar",0,"Ath Bilbao",1
2017-08-27,"Espanol",0,"Leganes",1
2017-08-27,"Getafe",0,"Sevilla",1
2017-08-27,"Real Madrid",2,"Valencia",2
2017-09-08,"Leganes",1,"Getafe",2
2017-09-09,"Barcelona",5,"Espanol",0
2017-09-09,"Real Madrid",1,"Levante",1
2017-09-09,"Sevilla",3,"Eibar",0
2017-09-09,"Valencia",0,"Ath Madrid",0
2017-09-10,"Ath Bilbao",2,"Girona",0
2017-09-10,"Celta",1,"Alaves",0
2017-09-10,"La Coruna",2,"Sociedad",4
2017-09-10,"Villarreal",3,"Betis",1
2017-09-11,"Malaga",1,"Las Palmas",3
2017-09-15,"Eibar",1,"Leganes",0
2017-09-16,"Ath Madrid",1,"Malaga",0
2017-09-16,"Betis",2,"La Coruna",1
2017-09-16,"Getafe",1,"Barcelona",2
2017-09-16,"Levante",1,"Valencia",1
2017-09-17,"Alaves",0,"Villarreal",3
2017-09-17,"Girona",0,"Sevilla",1
2017-09-17,"Las Palmas",1,"Ath Bilbao",0
2017-09-17,"Sociedad",1,"Real Madrid",3
2017-09-18,"Espanol",2,"Celta",1
2017-09-19,"Barcelona",6,"Eibar",1
2017-09-19,"Valencia",5,"Malaga",0
2017-09-20,"Ath Bilbao",1,"Ath Madrid",2
2017-09-20,"La Coruna",1,"Alaves",0
2017-09-20,"Leganes",0,"Girona",0
2017-09-20,"Real Madrid",0,"Betis",1
2017-09-20,"Sevilla",1,"Las Palmas",0
2017-09-21,"Celta",1,"Getafe",1
2017-09-21,"Levante",3,"Sociedad",0
2017-09-21,"Villarreal",0,"Espanol",0
2017-09-23,"Alaves",1,"Real Madrid",2
2017-09-23,"Ath Madrid",2,"Sevilla",0
2017-09-23,"Girona",0,"Barcelona",3
2017-09-23,"Malaga",3,"Ath Bilbao",3
2017-09-24,"Eibar",0,"Celta",4
2017-09-24,"Espanol",4,"La Coruna",1
2017-09-24,"Getafe",4,"Villarreal",0
2017-09-24,"Las Palmas",0,"Leganes",2
2017-09-24,"Sociedad",2,"Valencia",3
2017-09-25,"Betis",4,"Levante",0
2017-09-29,"Celta",3,"Girona",3
2017-09-30,"La Coruna",2,"Getafe",1
2017-09-30,"Leganes",0,"Ath Madrid",0
2017-09-30,"Levante",0,"Alaves",2
2017-09-30,"Sevilla",2,"Malaga",0
2017-10-01,"Barcelona",3,"Las Palmas",0
2017-10-01,"Real Madrid",2,"Espanol",0
2017-10-01,"Sociedad",4,"Betis",4
2017-10-01,"Valencia",3,"Ath Bilbao",2
2017-10-01,"Villarreal",3,"Eibar",0
2017-10-13,"Espanol",0,"Levante",0
2017-10-14,"Alaves",0,"Sociedad",2
2017-10-14,"Ath Bilbao",1,"Sevilla",0
2017-10-14,"Ath Madrid",1,"Barcelona",1
2017-10-14,"Getafe",1,"Real Madrid",2
2017-10-15,"Betis",3,"Valencia",6
2017-10-15,"Eibar",0,"La Coruna",0
2017-10-15,"Girona",1,"Villarreal",2
2017-10-15,"Malaga",0,"Leganes",2
2017-10-16,"Las Palmas",2,"Celta",5
2017-10-21,"Barcelona",2,"Malaga",0
2017-10-21,"Betis",2,"Alaves",0
2017-10-21,"Levante",1,"Getafe",1
2017-10-21,"Valencia",4,"Sevilla",0
2017-10-22,"Celta",0,"Ath Madrid",1
2017-10-22,"Leganes",1,"Ath Bilbao",0
2017-10-22,"Real Madrid",3,"Eibar",0
2017-10-22,"Villarreal",4,"Las Palmas",0
2017-10-23,"La Coruna",1,"Girona",2
2017-10-23,"Sociedad",1,"Espanol",1
2017-10-28,"Alaves",1,"Valencia",2
2017-10-28,"Ath Bilbao",0,"Barcelona",2
2017-10-28,"Ath Madrid",1,"Villarreal",1
2017-10-28,"Sevilla",2,"Leganes",1
2017-10-29,"Eibar",2,"Levante",2
2017-10-29,"Getafe",2,"Sociedad",1
2017-10-29,"Girona",2,"Real Madrid",1
2017-10-29,"Malaga",2,"Celta",1
2017-10-30,"Espanol",1,"Betis",0
2017-10-30,"Las Palmas",1,"La Coruna",3
2017-11-03,"Betis",2,"Getafe",2
2017-11-04,"Alaves",1,"Espanol",0
2017-11-04,"Barcelona",2,"Sevilla",1
2017-11-04,"La Coruna",0,"Ath Madrid",1
2017-11-04,"Valencia",3,"Leganes",0
2017-11-05,"Celta",3,"Ath Bilbao",1
2017-11-05,"Levante",1,"Girona",2
2017-11-05,"Real Madrid",3,"Las Palmas",0
2017-11-05,"Sociedad",3,"Eibar",1
2017-11-05,"Villarreal",2,"Malaga",0
2017-11-17,"Girona",1,"Sociedad",1
2017-11-18,"Ath Madrid",0,"Real Madrid",0
2017-11-18,"Getafe",4,"Alaves",1
2017-11-18,"Leganes",0,"Barcelona",3
2017-11-18,"Sevilla",2,"Celta",1
2017-11-19,"Ath Bilbao",1,"Villarreal",1
2017-11-19,"Espanol",0,"Valencia",2
2017-11-19,"Las Palmas",0,"Levante",2
2017-11-19,"Malaga",3,"La Coruna",2
2017-11-20,"Eibar",5,"Betis",0
2017-11-24,"Celta",1,"Leganes",0
2017-11-25,"Alaves",1,"Eibar",2
2017-11-25,"Betis",2,"Girona",2
2017-11-25,"Levante",0,"Ath Madrid",5
2017-11-25,"Real Madrid",3,"Malaga",2
2017-11-26,"La Coruna",2,"Ath Bilbao",2
2017-11-26,"Sociedad",2,"Las Palmas",2
2017-11-26,"Valencia",1,"Barcelona",1
2017-11-26,"Villarreal",2,"Sevilla",3
2017-11-27,"Espanol",1,"Getafe",0
2017-12-01,"Malaga",0,"Levante",0
2017-12-02,"Ath Bilbao",0,"Real Madrid",0
2017-12-02,"Ath Madrid",2,"Sociedad",1
2017-12-02,"Barcelona",2,"Celta",2
2017-12-02,"Sevilla",2,"La Coruna",0
2017-12-03,"Eibar",3,"Espanol",1
2017-12-03,"Getafe",1,"Valencia",0
2017-12-03,"Las Palmas",1,"Betis",0
2017-12-03,"Leganes",3,"Villarreal",1
2017-12-04,"Girona",2,"Alaves",3
2017-12-08,"Alaves",2,"Las Palmas",0
2017-12-09,"Getafe",0,"Eibar",0
2017-12-09,"La Coruna",1,"Leganes",0
2017-12-09,"Real Madrid",5,"Sevilla",0
2017-12-09,"Valencia",2,"Celta",1
2017-12-10,"Betis",0,"Ath Madrid",1
2017-12-10,"Levante",1,"Ath Bilbao",2
2017-12-10,"Sociedad",0,"Malaga",2
2017-12-10,"Villarreal",0,"Barcelona",2
2017-12-11,"Espanol",0,"Girona",1
2017-12-15,"Sevilla",0,"Levante",0
2017-12-16,"Ath Bilbao",0,"Sociedad",0
2017-12-16,"Ath Madrid",1,"Alaves",0
2017-12-16,"Eibar",2,"Valencia",1
2017-12-17,"Barcelona",4,"La Coruna",0
2017-12-17,"Celta",0,"Villarreal",1
2017-12-17,"Girona",1,"Getafe",0
2017-12-17,"Las Palmas",2,"Espanol",2
2017-12-18,"Malaga",0,"Betis",2
2017-12-19,"Levante",0,"Leganes",0
2017-12-20,"Getafe",2,"Las Palmas",0
2017-12-20,"Sociedad",3,"Sevilla",1
2017-12-21,"Alaves",1,"Malaga",0
2017-12-21,"Eibar",4,"Girona",1
2017-12-22,"Betis",0,"Ath Bilbao",2
2017-12-22,"Espanol",1,"Ath Madrid",0
2017-12-23,"La Coruna",1,"Celta",3
2017-12-23,"Real Madrid",0,"Barcelona",3
2017-12-23,"Valencia",0,"Villarreal",1
2018-01-06,"Ath Madrid",2,"Getafe",0
2018-01-06,"Las Palmas",1,"Eibar",2
2018-01-06,"Sevilla",3,"Betis",5
2018-01-06,"Valencia",2,"Girona",1
2018-01-07,"Ath Bilbao",2,"Alaves",0
2018-01-07,"Barcelona",3,"Levante",0
2018-01-07,"Celta",2,"Real Madrid",2
2018-01-07,"Leganes",1,"Sociedad",0
2018-01-07,"Villarreal",1,"La Coruna",1
2018-01-08,"Malaga",0,"Espanol",1
2018-01-12,"Getafe",1,"Malaga",0
2018-01-13,"Eibar",0,"Ath Madrid",1
2018-01-13,"Girona",6,"Las Palmas",0
2018-01-13,"La Coruna",1,"Valencia",2
2018-01-13,"Real Madrid",0,"Villarreal",1
2018-01-14,"Alaves",1,"Sevilla",0
2018-01-14,"Espanol",1,"Ath Bilbao",1
2018-01-14,"Levante",0,"Celta",1
2018-01-14,"Sociedad",2,"Barcelona",4
2018-01-15,"Betis",3,"Leganes",2
2018-01-19,"Getafe",2,"Ath Bilbao",2
2018-01-20,"Ath Madrid",1,"Girona",1
2018-01-20,"Espanol",0,"Sevilla",3
2018-01-20,"Las Palmas",2,"Valencia",1
2018-01-20,"Villarreal",2,"Levante",1
2018-01-21,"Alaves",2,"Leganes",2
2018-01-21,"Betis",0,"Barcelona",5
2018-01-21,"Real Madrid",7,"La Coruna",1
2018-01-21,"Sociedad",1,"Celta",2
2018-01-22,"Eibar",1,"Malaga",1
2018-01-26,"Ath Bilbao",1,"Eibar",1
2018-01-27,"La Coruna",2,"Levante",2
2018-01-27,"Malaga",0,"Girona",0
2018-01-27,"Valencia",1,"Real Madrid",4
2018-01-27,"Villarreal",4,"Sociedad",2
2018-01-28,"Ath Madrid",3,"Las Palmas",0
2018-01-28,"Barcelona",2,"Alaves",1
2018-01-28,"Leganes",3,"Espanol",2
2018-01-28,"Sevilla",1,"Getafe",1
2018-01-29,"Celta",3,"Betis",2
2018-02-02,"Sociedad",5,"La Coruna",0
2018-02-03,"Alaves",2,"Celta",1
2018-02-03,"Betis",2,"Villarreal",1
2018-02-03,"Eibar",5,"Sevilla",1
2018-02-03,"Levante",2,"Real Madrid",2
2018-02-04,"Ath Madrid",1,"Valencia",0
2018-02-04,"Espanol",1,"Barcelona",1
2018-02-04,"Getafe",0,"Leganes",0
2018-02-04,"Girona",2,"Ath Bilbao",0
2018-02-05,"Las Palmas",1,"Malaga",0
2018-02-09,"Ath Bilbao",0,"Las Palmas",0
2018-02-10,"Leganes",0,"Eibar",1
2018-02-10,"Malaga",0,"Ath Madrid",1
2018-02-10,"Real Madrid",5,"Sociedad",2
2018-02-10,"Villarreal",1,"Alaves",2
2018-02-11,"Barcelona",0,"Getafe",0
2018-02-11,"Celta",2,"Espanol",2
2018-02-11,"Sevilla",1,"Girona",0
2018-02-11,"Valencia",3,"Levante",1
2018-02-12,"La Coruna",0,"Betis",1
2018-02-16,"Girona",3,"Leganes",0
2018-02-17,"Alaves",1,"La Coruna",0
2018-02-17,"Eibar",0,"Barcelona",2
2018-02-17,"Las Palmas",1,"Sevilla",2
2018-02-17,"Malaga",1,"Valencia",2
2018-02-18,"Ath Madrid",2,"Ath Bilbao",0
2018-02-18,"Betis",3,"Real Madrid",5
2018-02-18,"Espanol",1,"Villarreal",1
2018-02-18,"Sociedad",3,"Levante",0
2018-02-19,"Getafe",3,"Celta",0
2018-02-21,"Leganes",1,"Real Madrid",3
2018-02-23,"La Coruna",0,"Espanol",0
2018-02-24,"Barcelona",6,"Girona",1
2018-02-24,"Celta",2,"Eibar",0
2018-02-24,"Leganes",0,"Las Palmas",0
2018-02-24,"Real Madrid",4,"Alaves",0
2018-02-25,"Ath Bilbao",2,"Malaga",1
2018-02-25,"Sevilla",2,"Ath Madrid",5
2018-02-25,"Valencia",2,"Sociedad",1
2018-02-25,"Villarreal",1,"Getafe",0
2018-02-26,"Levante",0,"Betis",2
2018-02-27,"Espanol",1,"Real Madrid",0
2018-02-27,"Girona",1,"Celta",0
2018-02-28,"Ath Bilbao",1,"Valencia",1
2018-02-28,"Ath Madrid",4,"Leganes",0
2018-02-28,"Eibar",1,"Villarreal",0
2018-02-28,"Getafe",3,"La Coruna",0
2018-02-28,"Malaga",0,"Sevilla",1
2018-03-01,"Alaves",1,"Levante",0
2018-03-01,"Betis",0,"Sociedad",0
2018-03-01,"Las Palmas",1,"Barcelona",1
2018-03-03,"La Coruna",1,"Eibar",1
2018-03-03,"Leganes",2,"Malaga",0
2018-03-03,"Real Madrid",3,"Getafe",1
2018-03-03,"Sevilla",2,"Ath Bilbao",0
2018-03-03,"Villarreal",0,"Girona",2
2018-03-04,"Barcelona",1,"Ath Madrid",0
2018-03-04,"Levante",1,"Espanol",1
2018-03-04,"Sociedad",2,"Alaves",1
2018-03-04,"Valencia",2,"Betis",0
2018-03-05,"Celta",2,"Las Palmas",1
2018-03-09,"Girona",2,"La Coruna",0
2018-03-10,"Eibar",1,"Real Madrid",2
2018-03-10,"Getafe",0,"Levante",1
2018-03-10,"Malaga",0,"Barcelona",2
2018-03-10,"Sevilla",0,"Valencia",2
2018-03-11,"Ath Bilbao",2,"Leganes",0
2018-03-11,"Ath Madrid",3,"Celta",0
2018-03-11,"Espanol",2,"Sociedad",1
2018-03-11,"Las Palmas",0,"Villarreal",2
2018-03-12,"Alaves",1,"Betis",3
2018-03-16,"Levante",2,"Eibar",1
2018-03-17,"Betis",3,"Espanol",0
2018-03-17,"La Coruna",1,"Las Palmas",1
2018-03-17,"Sociedad",1,"Getafe",2
2018-03-17,"Valencia",3,"Alaves",1
2018-03-18,"Barcelona",2,"Ath Bilbao",0
2018-03-18,"Celta",0,"Malaga",0
2018-03-18,"Leganes",2,"Sevilla",1
2018-03-18,"Real Madrid",6,"Girona",3
2018-03-18,"Villarreal",2,"Ath Madrid",1
2018-03-31,"Ath Bilbao",1,"Celta",1
2018-03-31,"Girona",1,"Levante",1
2018-03-31,"Las Palmas",0,"Real Madrid",3
2018-03-31,"Sevilla",2,"Barcelona",2
2018-04-01,"Ath Madrid",1,"La Coruna",0
2018-04-01,"Eibar",0,"Sociedad",0
2018-04-01,"Espanol",0,"Alaves",0
2018-04-01,"Leganes",0,"Valencia",1
2018-04-01,"Malaga",1,"Villarreal",0
2018-04-02,"Getafe",0,"Betis",1
2018-04-06,"La Coruna",3,"Malaga",2
2018-04-07,"Alaves",2,"Getafe",0
2018-04-07,"Barcelona",3,"Leganes",1
2018-04-07,"Betis",2,"Eibar",0
2018-04-07,"Celta",4,"Sevilla",0
2018-04-08,"Levante",2,"Las Palmas",1
2018-04-08,"Real Madrid",1,"Ath Madrid",1
2018-04-08,"Sociedad",5,"Girona",0
2018-04-08,"Valencia",1,"Espanol",0
2018-04-09,"Villarreal",1,"Ath Bilbao",3
2018-04-13,"Girona",0,"Betis",1
2018-04-14,"Ath Bilbao",2,"La Coruna",3
2018-04-14,"Barcelona",2,"Valencia",1
2018-04-14,"Las Palmas",0,"Sociedad",1
2018-04-14,"Leganes",1,"Celta",0
2018-04-14,"Sevilla",2,"Villarreal",2
2018-04-15,"Ath Madrid",3,"Levante",0
2018-04-15,"Eibar",0,"Alaves",1
2018-04-15,"Getafe",1,"Espanol",0
2018-04-15,"Malaga",1,"Real Madrid",2
2018-04-17,"Celta",2,"Barcelona",2
2018-04-17,"La Coruna",0,"Sevilla",0
2018-04-17,"Villarreal",2,"Leganes",1
2018-04-18,"Espanol",0,"Eibar",1
2018-04-18,"Real Madrid",1,"Ath Bilbao",1
2018-04-18,"Valencia",1,"Getafe",2
2018-04-19,"Alaves",1,"Girona",2
2018-04-19,"Betis",1,"Las Palmas",0
2018-04-19,"Levante",1,"Malaga",0
2018-04-19,"Sociedad",3,"Ath Madrid",0
2018-04-20,"Leganes",0,"La Coruna",0
2018-04-21,"Celta",1,"Valencia",1
2018-04-21,"Eibar",0,"Getafe",1
2018-04-22,"Ath Madrid",0,"Betis",0
2018-04-22,"Girona",0,"Espanol",2
2018-04-22,"Las Palmas",0,"Alaves",4
2018-04-22,"Malaga",2,"Sociedad",0
2018-04-23,"Ath Bilbao",1,"Levante",3
2018-04-27,"Levante",2,"Sevilla",1
2018-04-28,"Espanol",1,"Las Palmas",1
2018-04-28,"Real Madrid",2,"Leganes",1
2018-04-28,"Sociedad",3,"Ath Bilbao",1
2018-04-28,"Villarreal",4,"Celta",1
2018-04-29,"Alaves",0,"Ath Madrid",1
2018-04-29,"Getafe",1,"Girona",1
2018-04-29,"La Coruna",2,"Barcelona",4
2018-04-29,"Valencia",0,"Eibar",0
2018-04-30,"Betis",2,"Malaga",1
2018-05-04,"Sevilla",1,"Sociedad",0
2018-05-05,"Ath Bilbao",2,"Betis",0
2018-05-05,"Celta",1,"La Coruna",1
2018-05-05,"Girona",1,"Eibar",4
2018-05-05,"Villarreal",1,"Valencia",0
2018-05-06,"Ath Madrid",0,"Espanol",2
2018-05-06,"Barcelona",2,"Real Madrid",2
2018-05-06,"Las Palmas",0,"Getafe",1
2018-05-06,"Malaga",0,"Alaves",3
2018-05-07,"Leganes",0,"Levante",3
2018-05-09,"Barcelona",5,"Villarreal",1
2018-05-09,"Sevilla",3,"Real Madrid",2
2018-05-12,"Alaves",3,"Ath Bilbao",1
2018-05-12,"Betis",2,"Sevilla",2
2018-05-12,"Eibar",1,"Las Palmas",0
2018-05-12,"Getafe",0,"Ath Madrid",1
2018-05-12,"Girona",0,"Valencia",1
2018-05-12,"La Coruna",2,"Villarreal",4
2018-05-12,"Real Madrid",6,"Celta",0
2018-05-12,"Sociedad",3,"Leganes",2
2018-05-13,"Espanol",4,"Malaga",1
2018-05-13,"Levante",5,"Barcelona",4
2018-05-19,"Celta",4,"Levante",2
2018-05-19,"Las Palmas",1,"Girona",2
2018-05-19,"Leganes",3,"Betis",2
2018-05-19,"Malaga",0,"Getafe",1
2018-05-19,"Sevilla",1,"Alaves",0
2018-05-19,"Villarreal",2,"Real Madrid",2
2018-05-20,"Ath Bilbao",0,"Espanol",1
2018-05-20,"Ath Madrid",2,"Eibar",2
2018-05-20,"Barcelona",1,"Sociedad",0
2018-05-20,"Valencia",2,"La Coruna",1
2018-08-17,"Betis",0,"Levante",3
2018-08-17,"Girona",0,"Valladolid",0
2018-08-18,"Barcelona",3,"Alaves",0
2018-08-18,"Celta",1,"Espanol",1
2018-08-18,"Villarreal",1,"Sociedad",2
2018-08-19,"Eibar",1,"Huesca",2
2018-08-19,"Real Madrid",2,"Getafe",0
2018-08-19,"Vallecano",1,"Sevilla",4
2018-08-20,"Ath Bilbao",2,"Leganes",1
2018-08-20,"Valencia",1,"Ath Madrid",1
2018-08-24,"Getafe",2,"Eibar",0
2018-08-24,"Leganes",2,"Sociedad",2
2018-08-25,"Alaves",0,"Betis",0
2018-08-25,"Ath Madrid",1,"Vallecano",0
2018-08-25,"Valladolid",0,"Barcelona",1
2018-08-26,"Espanol",2,"Valencia",0
2018-08-26,"Girona",1,"Real Madrid",4
2018-08-26,"Sevilla",0,"Villarreal",0
2018-08-27,"Ath Bilbao",2,"Huesca",2
2018-08-27,"Levante",1,"Celta",2
2018-08-31,"Eibar",2,"Sociedad",1
2018-08-31,"Getafe",0,"Valladolid",0
2018-08-31,"Villarreal",0,"Girona",1
2018-09-01,"Celta",2,"Ath Madrid",0
2018-09-01,"Real Madrid",4,"Leganes",1
2018-09-02,"Alaves",2,"Espanol",1
2018-09-02,"Barcelona",8,"Huesca",2
2018-09-02,"Betis",1,"Sevilla",0
2018-09-02,"Levante",2,"Valencia",2
2018-09-14,"Huesca",0,"Vallecano",1
2018-09-15,"Ath Bilbao",1,"Real Madrid",1
2018-09-15,"Ath Madrid",1,"Eibar",1
2018-09-15,"Sociedad",1,"Barcelona",2
2018-09-15,"Valencia",0,"Betis",0
2018-09-16,"Espanol",1,"Levante",0
2018-09-16,"Leganes",0,"Villarreal",1
2018-09-16,"Sevilla",0,"Getafe",2
2018-09-16,"Valladolid",0,"Alaves",1
2018-09-17,"Girona",3,"Celta",2
2018-09-21,"Huesca",0,"Sociedad",1
2018-09-22,"Celta",3,"Valladolid",3
2018-09-22,"Eibar",1,"Leganes",0
2018-09-22,"Getafe",0,"Ath Madrid",2
2018-09-22,"Real Madrid",1,"Espanol",0
2018-09-22,"Vallecano",1,"Alaves",5
2018-09-23,"Barcelona",2,"Girona",2
2018-09-23,"Betis",2,"Ath Bilbao",2
2018-09-23,"Levante",2,"Sevilla",6
2018-09-23,"Villarreal",0,"Valencia",0
2018-09-25,"Ath Madrid",3,"Huesca",0
2018-09-25,"Espanol",1,"Eibar",0
2018-09-25,"Sociedad",2,"Vallecano",2
2018-09-26,"Ath Bilbao",0,"Villarreal",3
2018-09-26,"Leganes",2,"Barcelona",1
2018-09-26,"Sevilla",3,"Real Madrid",0
2018-09-26,"Valencia",1,"Celta",1
2018-09-27,"Alaves",1,"Getafe",1
2018-09-27,"Girona",0,"Betis",1
2018-09-27,"Valladolid",2,"Levante",1
2018-09-28,"Vallecano",2,"Espanol",2
2018-09-29,"Barcelona",1,"Ath Bilbao",1
2018-09-29,"Eibar",1,"Sevilla",3
2018-09-29,"Real Madrid",0,"Ath Madrid",0
2018-09-29,"Sociedad",0,"Valencia",1
2018-09-30,"Betis",1,"Leganes",0
2018-09-30,"Huesca",1,"Girona",1
2018-09-30,"Levante",2,"Alaves",1
2018-09-30,"Villarreal",0,"Valladolid",1
2018-10-01,"Celta",1,"Getafe",1
2018-10-05,"Ath Bilbao",1,"Sociedad",3
2018-10-06,"Alaves",1,"Real Madrid",0
2018-10-06,"Getafe",0,"Levante",1
2018-10-06,"Girona",2,"Eibar",3
2018-10-06,"Leganes",1,"Vallecano",0
2018-10-07,"Ath Madrid",1,"Betis",0
2018-10-07,"Espanol",3,"Villarreal",1
2018-10-07,"Sevilla",2,"Celta",1
2018-10-07,"Valencia",1,"Barcelona",1
2018-10-07,"Valladolid",1,"Huesca",0
2018-10-19,"Celta",0,"Alaves",1
2018-10-20,"Barcelona",4,"Sevilla",2
2018-10-20,"Real Madrid",1,"Levante",2
2018-10-20,"Valencia",1,"Leganes",1
2018-10-20,"Villarreal",1,"Ath Madrid",1
2018-10-21,"Betis",0,"Valladolid",1
2018-10-21,"Eibar",1,"Ath Bilbao",1
2018-10-21,"Huesca",0,"Espanol",2
2018-10-21,"Vallecano",1,"Getafe",2
2018-10-22,"Sociedad",0,"Girona",0
2018-10-24,"Vallecano",1,"Ath Bilbao",1
2018-10-26,"Valladolid",1,"Espanol",1
2018-10-27,"Ath Bilbao",0,"Valencia",0
2018-10-27,"Ath Madrid",2,"Sociedad",0
2018-10-27,"Celta",4,"Eibar",0
2018-10-27,"Girona",2,"Vallecano",1
2018-10-27,"Levante",2,"Leganes",0
2018-10-28,"Alaves",2,"Villarreal",1
2018-10-28,"Barcelona",5,"Real Madrid",1
2018-10-28,"Getafe",2,"Betis",0
2018-10-28,"Sevilla",2,"Huesca",1
2018-11-03,"Leganes",1,"Ath Madrid",1
2018-11-03,"Real Madrid",2,"Valladolid",0
2018-11-03,"Valencia",0,"Girona",1
2018-11-03,"Vallecano",2,"Barcelona",3
2018-11-04,"Betis",3,"Celta",3
2018-11-04,"Eibar",2,"Alaves",1
2018-11-04,"Huesca",1,"Getafe",1
2018-11-04,"Sociedad",0,"Sevilla",0
2018-11-04,"Villarreal",1,"Levante",1
2018-11-05,"Espanol",1,"Ath Bilbao",0
2018-11-09,"Levante",1,"Sociedad",3
2018-11-10,"Ath Madrid",3,"Ath Bilbao",2
2018-11-10,"Getafe",0,"Valencia",1
2018-11-10,"Girona",0,"Leganes",0
2018-11-10,"Valladolid",0,"Eibar",0
2018-11-11,"Alaves",2,"Huesca",1
2018-11-11,"Barcelona",3,"Betis",4
2018-11-11,"Celta",2,"Real Madrid",4
2018-11-11,"Sevilla",2,"Espanol",1
2018-11-11,"Vallecano",2,"Villarreal",2
2018-11-23,"Leganes",1,"Alaves",0
2018-11-24,"Ath Madrid",1,"Barcelona",1
2018-11-24,"Eibar",3,"Real Madrid",0
2018-11-24,"Huesca",2,"Levante",2
2018-11-24,"Valencia",3,"Vallecano",0
2018-11-25,"Ath Bilbao",1,"Getafe",1
2018-11-25,"Espanol",1,"Girona",3
2018-11-25,"Sevilla",1,"Valladolid",0
2018-11-25,"Villarreal",2,"Betis",1
2018-11-26,"Sociedad",2,"Celta",1
2018-11-30,"Vallecano",1,"Eibar",0
2018-12-01,"Celta",2,"Huesca",0
2018-12-01,"Getafe",3,"Espanol",0
2018-12-01,"Real Madrid",2,"Valencia",0
2018-12-01,"Valladolid",2,"Leganes",4
2018-12-02,"Alaves",1,"Sevilla",1
2018-12-02,"Barcelona",2,"Villarreal",0
2018-12-02,"Betis",1,"Sociedad",0
2018-12-02,"Girona",1,"Ath Madrid",1
2018-12-03,"Levante",3,"Ath Bilbao",0
2018-12-07,"Leganes",1,"Getafe",1
2018-12-08,"Ath Madrid",3,"Alaves",0
2018-12-08,"Espanol",0,"Barcelona",4
2018-12-08,"Valencia",1,"Sevilla",1
2018-12-08,"Villarreal",2,"Celta",3
2018-12-09,"Betis",2,"Vallecano",0
2018-12-09,"Eibar",4,"Levante",4
2018-12-09,"Huesca",0,"Real Madrid",1
2018-12-09,"Sociedad",1,"Valladolid",2
2018-12-10,"Ath Bilbao",1,"Girona",0
2018-12-14,"Celta",0,"Leganes",0
2018-12-15,"Eibar",1,"Valencia",1
2018-12-15,"Getafe",1,"Sociedad",0
2018-12-15,"Real Madrid",1,"Vallecano",0
2018-12-15,"Valladolid",2,"Ath Madrid",3
2018-12-16,"Espanol",1,"Betis",3
2018-12-16,"Huesca",2,"Villarreal",2
2018-12-16,"Levante",0,"Barcelona",5
2018-12-16,"Sevilla",2,"Girona",0
2018-12-17,"Alaves",0,"Ath Bilbao",0
2018-12-21,"Girona",1,"Getafe",1
2018-12-21,"Sociedad",0,"Alaves",1
2018-12-22,"Ath Bilbao",1,"Valladolid",1
2018-12-22,"Ath Madrid",1,"Espanol",0
2018-12-22,"Barcelona",2,"Celta",0
2018-12-22,"Betis",1,"Eibar",1
2018-12-23,"Leganes",1,"Sevilla",1
2018-12-23,"Valencia",2,"Huesca",1
2018-12-23,"Vallecano",2,"Levante",1
2019-01-03,"Villarreal",2,"Real Madrid",2
2019-01-04,"Espanol",1,"Leganes",0
2019-01-04,"Levante",2,"Girona",2
2019-01-05,"Alaves",2,"Valencia",1
2019-01-05,"Huesca",2,"Betis",1
2019-01-05,"Valladolid",0,"Vallecano",1
2019-01-06,"Eibar",0,"Villarreal",0
2019-01-06,"Getafe",1,"Barcelona",2
2019-01-06,"Real Madrid",0,"Sociedad",2
2019-01-06,"Sevilla",1,"Ath Madrid",1
2019-01-07,"Celta",1,"Ath Bilbao",2
2019-01-11,"Vallecano",4,"Celta",2
2019-01-12,"Girona",1,"Alaves",1
2019-01-12,"Leganes",1,"Huesca",0
2019-01-12,"Valencia",1,"Valladolid",1
2019-01-12,"Villarreal",1,"Getafe",2
2019-01-13,"Ath Bilbao",2,"Sevilla",0
2019-01-13,"Ath Madrid",1,"Levante",0
2019-01-13,"Barcelona",3,"Eibar",0
2019-01-13,"Betis",1,"Real Madrid",2
2019-01-14,"Sociedad",3,"Espanol",2
2019-01-18,"Getafe",4,"Alaves",0
2019-01-19,"Celta",1,"Valencia",2
2019-01-19,"Huesca",0,"Ath Madrid",3
2019-01-19,"Real Madrid",2,"Sevilla",0
2019-01-20,"Barcelona",3,"Leganes",1
2019-01-20,"Betis",3,"Girona",2
2019-01-20,"Levante",2,"Valladolid",0
2019-01-20,"Vallecano",2,"Sociedad",2
2019-01-20,"Villarreal",1,"Ath Bilbao",1
2019-01-21,"Eibar",3,"Espanol",0
2019-01-26,"Ath Madrid",2,"Getafe",0
2019-01-26,"Leganes",2,"Eibar",2
2019-01-26,"Sevilla",5,"Levante",0
2019-01-26,"Valencia",3,"Villarreal",0
2019-01-27,"Ath Bilbao",1,"Betis",0
2019-01-27,"Espanol",2,"Real Madrid",4
2019-01-27,"Girona",0,"Barcelona",2
2019-01-27,"Sociedad",0,"Huesca",0
2019-01-27,"Valladolid",2,"Celta",1
2019-01-28,"Alaves",0,"Vallecano",1
2019-02-01,"Huesca",4,"Valladolid",0
2019-02-02,"Barcelona",2,"Valencia",2
2019-02-02,"Celta",1,"Sevilla",0
2019-02-02,"Levante",0,"Getafe",0
2019-02-02,"Sociedad",2,"Ath Bilbao",1
2019-02-03,"Betis",1,"Ath Madrid",0
2019-02-03,"Eibar",3,"Girona",0
2019-02-03,"Real Madrid",3,"Alaves",0
2019-02-03,"Villarreal",2,"Espanol",2
2019-02-04,"Vallecano",1,"Leganes",2
2019-02-08,"Valladolid",0,"Villarreal",0
2019-02-09,"Ath Madrid",1,"Real Madrid",3
2019-02-09,"Espanol",2,"Vallecano",1
2019-02-09,"Getafe",3,"Celta",1
2019-02-09,"Girona",0,"Huesca",2
2019-02-10,"Ath Bilbao",0,"Barcelona",0
2019-02-10,"Leganes",3,"Betis",0
2019-02-10,"Sevilla",2,"Eibar",2
2019-02-10,"Valencia",0,"Sociedad",0
2019-02-11,"Alaves",2,"Levante",0
2019-02-15,"Eibar",2,"Getafe",2
2019-02-16,"Barcelona",1,"Valladolid",0
2019-02-16,"Celta",1,"Levante",4
2019-02-16,"Sociedad",3,"Leganes",0
2019-02-16,"Vallecano",0,"Ath Madrid",1
2019-02-17,"Betis",1,"Alaves",1
2019-02-17,"Real Madrid",1,"Girona",2
2019-02-17,"Valencia",0,"Espanol",0
2019-02-17,"Villarreal",3,"Sevilla",0
2019-02-18,"Huesca",0,"Ath Bilbao",1
2019-02-22,"Espanol",1,"Huesca",1
2019-02-23,"Alaves",0,"Celta",0
2019-02-23,"Ath Bilbao",1,"Eibar",0
2019-02-23,"Getafe",2,"Vallecano",1
2019-02-23,"Sevilla",2,"Barcelona",4
2019-02-24,"Ath Madrid",2,"Villarreal",0
2019-02-24,"Leganes",1,"Valencia",1
2019-02-24,"Levante",1,"Real Madrid",2
2019-02-24,"Valladolid",0,"Betis",2
2019-02-25,"Girona",0,"Sociedad",0
2019-03-01,"Vallecano",0,"Girona",2
2019-03-02,"Espanol",3,"Valladolid",1
2019-03-02,"Huesca",2,"Sevilla",1
2019-03-02,"Real Madrid",0,"Barcelona",1
2019-03-02,"Villarreal",1,"Alaves",2
2019-03-03,"Betis",1,"Getafe",2
2019-03-03,"Eibar",1,"Celta",0
2019-03-03,"Sociedad",0,"Ath Madrid",2
2019-03-03,"Valencia",2,"Ath Bilbao",0
2019-03-04,"Leganes",1,"Levante",0
2019-03-08,"Ath Bilbao",1,"Espanol",1
2019-03-09,"Alaves",1,"Eibar",1
2019-03-09,"Ath Madrid",1,"Leganes",0
2019-03-09,"Barcelona",3,"Vallecano",1
2019-03-09,"Getafe",2,"Huesca",1
2019-03-10,"Celta",0,"Betis",1
2019-03-10,"Girona",2,"Valencia",3
2019-03-10,"Levante",0,"Villarreal",2
2019-03-10,"Sevilla",5,"Sociedad",2
2019-03-10,"Valladolid",1,"Real Madrid",4
2019-03-15,"Sociedad",1,"Levante",1
2019-03-16,"Ath Bilbao",2,"Ath Madrid",0
2019-03-16,"Huesca",1,"Alaves",3
2019-03-16,"Leganes",0,"Girona",2
2019-03-16,"Real Madrid",2,"Celta",0
2019-03-17,"Betis",1,"Barcelona",4
2019-03-17,"Eibar",1,"Valladolid",2
2019-03-17,"Espanol",0,"Sevilla",1
2019-03-17,"Valencia",0,"Getafe",0
2019-03-17,"Villarreal",3,"Vallecano",1
2019-03-29,"Girona",1,"Ath Bilbao",2
2019-03-30,"Alaves",0,"Ath Madrid",4
2019-03-30,"Barcelona",2,"Espanol",0
2019-03-30,"Celta",3,"Villarreal",2
2019-03-30,"Getafe",0,"Leganes",2
2019-03-31,"Levante",2,"Eibar",2
2019-03-31,"Real Madrid",3,"Huesca",2
2019-03-31,"Sevilla",0,"Valencia",1
2019-03-31,"Valladolid",1,"Sociedad",1
2019-03-31,"Vallecano",1,"Betis",1
2019-04-02,"Ath Madrid",2,"Girona",0
2019-04-02,"Espanol",1,"Getafe",1
2019-04-02,"Villarreal",4,"Barcelona",4
2019-04-03,"Ath Bilbao",3,"Levante",2
2019-04-03,"Eibar",2,"Vallecano",1
2019-04-03,"Huesca",3,"Celta",3
2019-04-03,"Valencia",2,"Real Madrid",1
2019-04-04,"Leganes",1,"Valladolid",0
2019-04-04,"Sevilla",2,"Alaves",0
2019-04-04,"Sociedad",2,"Betis",1
2019-04-06,"Barcelona",2,"Ath Madrid",0
2019-04-06,"Girona",1,"Espanol",2
2019-04-06,"Real Madrid",2,"Eibar",1
2019-04-06,"Vallecano",2,"Valencia",0
2019-04-07,"Alaves",1,"Leganes",1
2019-04-07,"Betis",2,"Villarreal",1
2019-04-07,"Celta",3,"Sociedad",1
2019-04-07,"Getafe",1,"Ath Bilbao",0
2019-04-07,"Levante",2,"Huesca",2
2019-04-07,"Valladolid",0,"Sevilla",2
2019-04-13,"Ath Madrid",2,"Celta",0
2019-04-13,"Espanol",2,"Alaves",1
2019-04-13,"Huesca",0,"Barcelona",0
2019-04-13,"Sevilla",3,"Betis",2
2019-04-14,"Ath Bilbao",3,"Vallecano",2
2019-04-14,"Girona",0,"Villarreal",1
2019-04-14,"Sociedad",1,"Eibar",1
2019-04-14,"Valencia",3,"Levante",1
2019-04-14,"Valladolid",2,"Getafe",2
2019-04-15,"Leganes",1,"Real Madrid",1
2019-04-19,"Alaves",2,"Valladolid",2
2019-04-20,"Barcelona",2,"Sociedad",1
2019-04-20,"Celta",2,"Girona",1
2019-04-20,"Eibar",0,"Ath Madrid",1
2019-04-20,"Vallecano",0,"Huesca",0
2019-04-21,"Betis",1,"Valencia",2
2019-04-21,"Getafe",3,"Sevilla",0
2019-04-21,"Levante",2,"Espanol",2
2019-04-21,"Real Madrid",3,"Ath Bilbao",0
2019-04-21,"Villarreal",2,"Leganes",1
2019-04-23,"Alaves",0,"Barcelona",2
2019-04-23,"Huesca",2,"Eibar",0
2019-04-23,"Valladolid",1,"Girona",0
2019-04-24,"Ath Madrid",3,"Valencia",2
2019-04-24,"Espanol",1,"Celta",1
2019-04-24,"Leganes",0,"Ath Bilbao",1
2019-04-24,"Levante",4,"Betis",0
2019-04-25,"Getafe",0,"Real Madrid",0
2019-04-25,"Sevilla",5,"Vallecano",0
2019-04-25,"Sociedad",0,"Villarreal",1
2019-04-27,"Ath Bilbao",1,"Alaves",1
2019-04-27,"Ath Madrid",1,"Valladolid",0
2019-04-27,"Barcelona",1,"Levante",0
2019-04-27,"Leganes",0,"Celta",0
2019-04-28,"Girona",1,"Sevilla",0
2019-04-28,"Sociedad",2,"Getafe",1
2019-04-28,"Valencia",0,"Eibar",1
2019-04-28,"Vallecano",1,"Real Madrid",0
2019-04-28,"Villarreal",1,"Huesca",1
2019-04-29,"Betis",1,"Espanol",1
2019-05-03,"Sevilla",0,"Leganes",3
2019-05-04,"Alaves",0,"Sociedad",1
2019-05-04,"Celta",2,"Barcelona",0
2019-05-04,"Espanol",3,"Ath Madrid",0
2019-05-04,"Levante",4,"Vallecano",1
2019-05-05,"Eibar",1,"Betis",0
2019-05-05,"Getafe",2,"Girona",0
2019-05-05,"Huesca",2,"Valencia",6
2019-05-05,"Real Madrid",3,"Villarreal",2
2019-05-05,"Valladolid",1,"Ath Bilbao",0
2019-05-12,"Ath Bilbao",3,"Celta",1
2019-05-12,"Ath Madrid",1,"Sevilla",1
2019-05-12,"Barcelona",2,"Getafe",0
2019-05-12,"Betis",2,"Huesca",1
2019-05-12,"Girona",1,"Levante",2
2019-05-12,"Leganes",0,"Espanol",2
2019-05-12,"Sociedad",3,"Real Madrid",1
2019-05-12,"Valencia",3,"Alaves",1
2019-05-12,"Vallecano",1,"Valladolid",2
2019-05-12,"Villarreal",1,"Eibar",0
2019-05-18,"Alaves",2,"Girona",1
2019-05-18,"Celta",2,"Vallecano",2
2019-05-18,"Espanol",2,"Sociedad",0
2019-05-18,"Getafe",2,"Villarreal",2
2019-05-18,"Huesca",2,"Leganes",1
2019-05-18,"Levante",2,"Ath Madrid",2
2019-05-18,"Sevilla",2,"Ath Bilbao",0
2019-05-18,"Valladolid",0,"Valencia",2
2019-05-19,"Eibar",2,"Barcelona",2
2019-05-19,"Real Madrid",0,"Betis",2
2019-08-16,"Ath Bilbao",1,"Barcelona",0
2019-08-17,"Celta",1,"Real Madrid",3
2019-08-17,"Valencia",1,"Sociedad",1
2019-08-17,"Mallorca",2,"Eibar",1
2019-08-17,"Leganes",0,"Osasuna",1
2019-08-17,"Villarreal",4,"Granada",4
2019-08-18,"Alaves",1,"Levante",0
2019-08-18,"Espanol",0,"Sevilla",2
2019-08-18,"Betis",1,"Valladolid",2
2019-08-18,"Ath Madrid",1,"Getafe",0
2019-08-23,"Granada",0,"Sevilla",1
2019-08-23,"Levante",2,"Villarreal",1
2019-08-24,"Osasuna",0,"Eibar",0
2019-08-24,"Real Madrid",1,"Valladolid",1
2019-08-24,"Celta",1,"Valencia",0
2019-08-24,"Getafe",1,"Ath Bilbao",1
2019-08-25,"Alaves",0,"Espanol",0
2019-08-25,"Mallorca",0,"Sociedad",1
2019-08-25,"Leganes",0,"Ath Madrid",1
2019-08-25,"Barcelona",5,"Betis",2
2019-08-30,"Sevilla",1,"Celta",1
2019-08-30,"Ath Bilbao",2,"Sociedad",0
2019-08-31,"Osasuna",2,"Barcelona",2
2019-08-31,"Getafe",1,"Alaves",1
2019-08-31,"Levante",2,"Valladolid",0
2019-08-31,"Betis",2,"Leganes",1
2019-09-01,"Valencia",2,"Mallorca",0
2019-09-01,"Ath Madrid",3,"Eibar",2
2019-09-01,"Espanol",0,"Granada",3
2019-09-01,"Villarreal",2,"Real Madrid",2
2019-09-13,"Mallorca",0,"Ath Bilbao",0
2019-09-14,"Real Madrid",3,"Levante",2
2019-09-14,"Leganes",0,"Villarreal",3
2019-09-14,"Sociedad",2,"Ath Madrid",0
2019-09-14,"Barcelona",5,"Valencia",2
2019-09-15,"Eibar",1,"Espanol",2
2019-09-15,"Alaves",0,"Sevilla",1
2019-09-15,"Celta",0,"Granada",2
2019-09-15,"Valladolid",1,"Osasuna",1
2019-09-15,"Betis",1,"Getafe",1
2019-09-20,"Osasuna",0,"Betis",0
2019-09-21,"Villarreal",2,"Valladolid",0
2019-09-21,"Levante",0,"Eibar",0
2019-09-21,"Ath Madrid",0,"Celta",0
2019-09-21,"Granada",2,"Barcelona",0
2019-09-22,"Getafe",4,"Mallorca",2
2019-09-22,"Espanol",1,"Sociedad",3
2019-09-22,"Valencia",1,"Leganes",1
2019-09-22,"Ath Bilbao",2,"Alaves",0
2019-09-22,"Sevilla",0,"Real Madrid",1
2019-09-24,"Valladolid",1,"Granada",1
2019-09-24,"Betis",3,"Levante",1
2019-09-24,"Barcelona",2,"Villarreal",1
2019-09-25,"Leganes",1,"Ath Bilbao",1
2019-09-25,"Mallorca",0,"Ath Madrid",2
2019-09-25,"Valencia",3,"Getafe",3
2019-09-25,"Real Madrid",2,"Osasuna",0
2019-09-26,"Eibar",3,"Sevilla",2
2019-09-26,"Celta",1,"Espanol",1
2019-09-26,"Sociedad",3,"Alaves",0
2019-09-27,"Villarreal",5,"Betis",1
2019-09-28,"Ath Bilbao",0,"Valencia",1
2019-09-28,"Getafe",0,"Barcelona",2
2019-09-28,"Granada",1,"Leganes",0
2019-09-28,"Ath Madrid",0,"Real Madrid",0
2019-09-29,"Espanol",0,"Valladolid",2
2019-09-29,"Eibar",2,"Celta",0
2019-09-29,"Alaves",2,"Mallorca",0
2019-09-29,"Levante",1,"Osasuna",1
2019-09-29,"Sevilla",3,"Sociedad",2
2019-10-04,"Betis",1,"Eibar",1
2019-10-05,"Leganes",1,"Levante",2
2019-10-05,"Real Madrid",4,"Granada",2
2019-10-05,"Valencia",2,"Alaves",1
2019-10-05,"Osasuna",2,"Villarreal",1
2019-10-06,"Mallorca",2,"Espanol",0
2019-10-06,"Celta",1,"Ath Bilbao",0
2019-10-06,"Valladolid",0,"Ath Madrid",0
2019-10-06,"Sociedad",1,"Getafe",2
2019-10-06,"Barcelona",4,"Sevilla",0
2019-10-18,"Granada",1,"Osasuna",0
2019-10-19,"Eibar",0,"Barcelona",3
2019-10-19,"Ath Madrid",1,"Valencia",1
2019-10-19,"Getafe",2,"Leganes",0
2019-10-19,"Mallorca",1,"Real Madrid",0
2019-10-20,"Alaves",2,"Celta",0
2019-10-20,"Sociedad",3,"Betis",1
2019-10-20,"Espanol",0,"Villarreal",1
2019-10-20,"Ath Bilbao",1,"Valladolid",1
2019-10-20,"Sevilla",1,"Levante",0
2019-10-25,"Villarreal",4,"Alaves",1
2019-10-26,"Leganes",1,"Mallorca",0
2019-10-26,"Valladolid",2,"Eibar",0
2019-10-26,"Ath Madrid",2,"Ath Bilbao",0
2019-10-27,"Celta",0,"Sociedad",1
2019-10-27,"Granada",1,"Betis",0
2019-10-27,"Levante",0,"Espanol",1
2019-10-27,"Sevilla",2,"Getafe",0
2019-10-27,"Osasuna",3,"Valencia",1
2019-10-29,"Alaves",1,"Ath Madrid",1
2019-10-29,"Barcelona",5,"Valladolid",1
2019-10-30,"Sociedad",1,"Levante",2
2019-10-30,"Valencia",1,"Sevilla",1
2019-10-30,"Ath Bilbao",3,"Espanol",0
2019-10-30,"Betis",2,"Celta",1
2019-10-30,"Real Madrid",5,"Leganes",0
2019-10-31,"Eibar",2,"Villarreal",1
2019-10-31,"Mallorca",2,"Osasuna",2
2019-10-31,"Getafe",3,"Granada",1
2019-11-02,"Espanol",1,"Valencia",2
2019-11-02,"Levante",3,"Barcelona",1
2019-11-02,"Sevilla",1,"Ath Madrid",1
2019-11-02,"Real Madrid",0,"Betis",0
2019-11-03,"Valladolid",3,"Mallorca",0
2019-11-03,"Villarreal",0,"Ath Bilbao",0
2019-11-03,"Osasuna",4,"Alaves",2
2019-11-03,"Celta",0,"Getafe",1
2019-11-03,"Leganes",1,"Eibar",2
2019-11-03,"Granada",1,"Sociedad",2
2019-11-08,"Sociedad",1,"Leganes",1
2019-11-09,"Alaves",3,"Valladolid",0
2019-11-09,"Valencia",2,"Granada",0
2019-11-09,"Eibar",0,"Real Madrid",4
2019-11-09,"Barcelona",4,"Celta",1
2019-11-10,"Mallorca",3,"Villarreal",1
2019-11-10,"Ath Bilbao",2,"Levante",1
2019-11-10,"Ath Madrid",3,"Espanol",1
2019-11-10,"Getafe",0,"Osasuna",0
2019-11-10,"Betis",1,"Sevilla",2
2019-11-22,"Levante",2,"Mallorca",1
2019-11-23,"Leganes",1,"Barcelona",2
2019-11-23,"Betis",2,"Valencia",1
2019-11-23,"Granada",1,"Ath Madrid",1
2019-11-23,"Real Madrid",3,"Sociedad",1
2019-11-24,"Espanol",1,"Getafe",1
2019-11-24,"Osasuna",1,"Ath Bilbao",2
2019-11-24,"Eibar",0,"Alaves",2
2019-11-24,"Villarreal",1,"Celta",3
2019-11-24,"Valladolid",0,"Sevilla",1
2019-11-29,"Celta",0,"Valladolid",0
2019-11-30,"Alaves",1,"Real Madrid",2
2019-11-30,"Sociedad",4,"Eibar",1
2019-11-30,"Mallorca",1,"Betis",2
2019-11-30,"Valencia",2,"Villarreal",1
2019-12-01,"Sevilla",1,"Leganes",0
2019-12-01,"Ath Bilbao",2,"Granada",0
2019-12-01,"Espanol",2,"Osasuna",4
2019-12-01,"Getafe",4,"Levante",0
2019-12-01,"Ath Madrid",0,"Barcelona",1
2019-12-06,"Villarreal",0,"Ath Madrid",0
2019-12-07,"Real Madrid",2,"Espanol",0
2019-12-07,"Granada",3,"Alaves",0
2019-12-07,"Levante",2,"Valencia",4
2019-12-07,"Barcelona",5,"Mallorca",2
2019-12-08,"Eibar",0,"Getafe",1
2019-12-08,"Betis",3,"Ath Bilbao",2
2019-12-08,"Valladolid",0,"Sociedad",0
2019-12-08,"Leganes",3,"Celta",2
2019-12-08,"Osasuna",1,"Sevilla",1
2019-12-13,"Alaves",1,"Leganes",1
2019-12-14,"Granada",1,"Levante",2
2019-12-14,"Sociedad",2,"Barcelona",2
2019-12-14,"Ath Bilbao",0,"Eibar",0
2019-12-14,"Ath Madrid",2,"Osasuna",0
2019-12-15,"Getafe",2,"Valladolid",0
2019-12-15,"Celta",2,"Mallorca",2
2019-12-15,"Espanol",2,"Betis",2
2019-12-15,"Sevilla",1,"Villarreal",2
2019-12-15,"Valencia",1,"Real Madrid",1
2019-12-18,"Barcelona",0,"Real Madrid",0
2019-12-20,"Eibar",3,"Granada",0
2019-12-21,"Mallorca",0,"Sevilla",2
2019-12-21,"Barcelona",4,"Alaves",1
2019-12-21,"Villarreal",1,"Getafe",0
2019-12-21,"Valladolid",1,"Valencia",1
2019-12-22,"Leganes",2,"Espanol",0
2019-12-22,"Osasuna",3,"Sociedad",4
2019-12-22,"Betis",1,"Ath Madrid",2
2019-12-22,"Levante",3,"Celta",1
2019-12-22,"Real Madrid",0,"Ath Bilbao",0
2020-01-03,"Valladolid",2,"Leganes",2
2020-01-03,"Sevilla",1,"Ath Bilbao",1
2020-01-04,"Valencia",1,"Eibar",0
2020-01-04,"Getafe",0,"Real Madrid",3
2020-01-04,"Ath Madrid",2,"Levante",1
2020-01-04,"Espanol",2,"Barcelona",2
2020-01-05,"Granada",1,"Mallorca",0
2020-01-05,"Sociedad",1,"Villarreal",2
2020-01-05,"Alaves",1,"Betis",1
2020-01-05,"Celta",1,"Osasuna",1
2020-01-17,"Leganes",0,"Getafe",3
2020-01-18,"Levante",0,"Alaves",1
2020-01-18,"Real Madrid",2,"Sevilla",1
2020-01-18,"Osasuna",0,"Valladolid",0
2020-01-18,"Eibar",2,"Ath Madrid",0
2020-01-19,"Mallorca",4,"Valencia",1
2020-01-19,"Betis",3,"Sociedad",0
2020-01-19,"Villarreal",1,"Espanol",2
2020-01-19,"Ath Bilbao",1,"Celta",1
2020-01-19,"Barcelona",1,"Granada",0
2020-01-24,"Osasuna",2,"Levante",0
2020-01-25,"Espanol",1,"Ath Bilbao",1
2020-01-25,"Valencia",2,"Barcelona",0
2020-01-25,"Alaves",1,"Villarreal",2
2020-01-25,"Sevilla",2,"Granada",0
2020-01-26,"Ath Madrid",0,"Leganes",0
2020-01-26,"Celta",0,"Eibar",0
2020-01-26,"Getafe",1,"Betis",0
2020-01-26,"Sociedad",3,"Mallorca",0
2020-01-26,"Valladolid",0,"Real Madrid",1
2020-02-01,"Granada",2,"Espanol",1
2020-02-01,"Real Madrid",1,"Ath Madrid",0
2020-02-01,"Mallorca",0,"Valladolid",1
2020-02-01,"Valencia",1,"Celta",0
2020-02-02,"Leganes",2,"Sociedad",1
2020-02-02,"Eibar",1,"Betis",1
2020-02-02,"Ath Bilbao",0,"Getafe",2
2020-02-02,"Sevilla",1,"Alaves",1
2020-02-02,"Villarreal",3,"Osasuna",1
2020-02-02,"Barcelona",2,"Levante",1
2020-02-07,"Alaves",2,"Eibar",1
2020-02-08,"Levante",2,"Leganes",0
2020-02-08,"Getafe",3,"Valencia",0
2020-02-08,"Valladolid",1,"Villarreal",1
2020-02-08,"Ath Madrid",1,"Granada",0
2020-02-09,"Espanol",1,"Mallorca",0
2020-02-09,"Sociedad",2,"Ath Bilbao",1
2020-02-09,"Osasuna",1,"Real Madrid",4
2020-02-09,"Celta",2,"Sevilla",1
2020-02-09,"Betis",2,"Barcelona",3
2020-02-14,"Valencia",2,"Ath Madrid",2
2020-02-15,"Mallorca",1,"Alaves",0
2020-02-15,"Barcelona",2,"Getafe",1
2020-02-15,"Villarreal",2,"Levante",1
2020-02-15,"Granada",2,"Valladolid",1
2020-02-16,"Sevilla",2,"Espanol",2
2020-02-16,"Leganes",0,"Betis",0
2020-02-16,"Ath Bilbao",0,"Osasuna",1
2020-02-16,"Real Madrid",2,"Celta",2
2020-02-21,"Betis",3,"Mallorca",3
2020-02-22,"Celta",1,"Leganes",0
2020-02-22,"Barcelona",5,"Eibar",0
2020-02-22,"Sociedad",3,"Valencia",0
2020-02-22,"Levante",1,"Real Madrid",0
2020-02-23,"Osasuna",0,"Granada",3
2020-02-23,"Alaves",2,"Ath Bilbao",1
2020-02-23,"Valladolid",2,"Espanol",1
2020-02-23,"Getafe",0,"Sevilla",3
2020-02-23,"Ath Madrid",3,"Villarreal",1
2020-02-28,"Sociedad",1,"Valladolid",0
2020-02-29,"Eibar",3,"Levante",0
2020-02-29,"Valencia",2,"Betis",1
2020-02-29,"Leganes",1,"Alaves",1
2020-02-29,"Granada",0,"Celta",0
2020-03-01,"Sevilla",3,"Osasuna",2
2020-03-01,"Ath Bilbao",1,"Villarreal",0
2020-03-01,"Espanol",1,"Ath Madrid",1
2020-03-01,"Mallorca",0,"Getafe",1
2020-03-01,"Real Madrid",2,"Barcelona",0
2020-03-06,"Alaves",1,"Valencia",1
2020-03-07,"Eibar",1,"Mallorca",2
2020-03-07,"Ath Madrid",2,"Sevilla",2
2020-03-07,"Barcelona",1,"Sociedad",0
2020-03-07,"Getafe",0,"Celta",0
2020-03-08,"Osasuna",1,"Espanol",0
2020-03-08,"Valladolid",1,"Ath Bilbao",4
2020-03-08,"Levante",1,"Granada",1
2020-03-08,"Villarreal",1,"Leganes",2
2020-03-08,"Betis",2,"Real Madrid",1
2020-03-10,"Eibar",1,"Sociedad",2
2020-06-11,"Sevilla",2,"Betis",0
2020-06-12,"Granada",2,"Getafe",1
2020-06-12,"Valencia",1,"Levante",1
2020-06-13,"Espanol",2,"Alaves",0
2020-06-13,"Celta",0,"Villarreal",1
2020-06-13,"Leganes",1,"Valladolid",2
2020-06-13,"Mallorca",0,"Barcelona",4
2020-06-14,"Ath Bilbao",1,"Ath Madrid",1
2020-06-14,"Real Madrid",3,"Eibar",1
2020-06-14,"Sociedad",1,"Osasuna",1
2020-06-15,"Levante",1,"Sevilla",1
2020-06-15,"Betis",2,"Granada",2
2020-06-16,"Getafe",0,"Espanol",0
2020-06-16,"Villarreal",1,"Mallorca",0
2020-06-16,"Barcelona",2,"Leganes",0
2020-06-17,"Eibar",2,"Ath Bilbao",2
2020-06-17,"Valladolid",0,"Celta",0
2020-06-17,"Osasuna",0,"Ath Madrid",5
2020-06-18,"Alaves",2,"Sociedad",0
2020-06-18,"Real Madrid",3,"Valencia",0
2020-06-19,"Granada",0,"Villarreal",1
2020-06-19,"Mallorca",1,"Leganes",1
2020-06-19,"Sevilla",0,"Barcelona",0
2020-06-20,"Espanol",1,"Levante",3
2020-06-20,"Ath Bilbao",1,"Betis",0
2020-06-20,"Getafe",1,"Eibar",1
2020-06-20,"Ath Madrid",1,"Valladolid",0
2020-06-21,"Celta",6,"Alaves",0
2020-06-21,"Valencia",2,"Osasuna",0
2020-06-21,"Sociedad",1,"Real Madrid",2
2020-06-22,"Villarreal",2,"Sevilla",2
2020-06-22,"Leganes",0,"Granada",0
2020-06-23,"Levante",0,"Ath Madrid",1
2020-06-23,"Valladolid",1,"Getafe",1
2020-06-23,"Barcelona",1,"Ath Bilbao",0
2020-06-24,"Alaves",0,"Osasuna",1
2020-06-24,"Sociedad",0,"Celta",1
2020-06-24,"Real Madrid",2,"Mallorca",0
2020-06-25,"Eibar",1,"Valencia",0
2020-06-25,"Betis",1,"Espanol",0
2020-06-26,"Sevilla",1,"Valladolid",1
2020-06-27,"Ath Bilbao",3,"Mallorca",1
2020-06-27,"Celta",2,"Barcelona",2
2020-06-27,"Osasuna",2,"Leganes",1
2020-06-27,"Ath Madrid",2,"Alaves",1
2020-06-28,"Levante",4,"Betis",2
2020-06-28,"Villarreal",2,"Valencia",0
2020-06-28,"Granada",1,"Eibar",2
2020-06-28,"Espanol",0,"Real Madrid",1
2020-06-29,"Getafe",2,"Sociedad",1
2020-06-30,"Mallorca",5,"Celta",1
2020-06-30,"Leganes",0,"Sevilla",3
2020-06-30,"Barcelona",2,"Ath Madrid",2
2020-07-01,"Alaves",0,"Granada",2
2020-07-01,"Valencia",0,"Ath Bilbao",2
2020-07-01,"Betis",0,"Villarreal",2
2020-07-01,"Valladolid",0,"Levante",0
2020-07-02,"Eibar",0,"Osasuna",2
2020-07-02,"Sociedad",2,"Espanol",1
2020-07-02,"Real Madrid",1,"Getafe",0
2020-07-03,"Ath Madrid",3,"Mallorca",0
2020-07-04,"Celta",1,"Betis",1
2020-07-04,"Valladolid",1,"Alaves",0
2020-07-04,"Granada",2,"Valencia",2
2020-07-05,"Ath Bilbao",0,"Real Madrid",1
2020-07-05,"Espanol",0,"Leganes",1
2020-07-05,"Osasuna",0,"Getafe",0
2020-07-05,"Villarreal",1,"Barcelona",4
2020-07-06,"Levante",1,"Sociedad",1
2020-07-06,"Sevilla",1,"Eibar",0
2020-07-07,"Valencia",2,"Valladolid",1
2020-07-07,"Celta",1,"Ath Madrid",1
2020-07-08,"Betis",3,"Osasuna",0
2020-07-08,"Getafe",1,"Villarreal",3
2020-07-08,"Barcelona",1,"Espanol",0
2020-07-09,"Eibar",0,"Leganes",0
2020-07-09,"Mallorca",2,"Levante",0
2020-07-09,"Ath Bilbao",1,"Sevilla",2
2020-07-10,"Sociedad",2,"Granada",3
2020-07-10,"Real Madrid",2,"Alaves",0
2020-07-11,"Osasuna",2,"Celta",1
2020-07-11,"Valladolid",0,"Barcelona",1
2020-07-11,"Ath Madrid",1,"Betis",0
2020-07-12,"Espanol",0,"Eibar",2
2020-07-12,"Levante",1,"Ath Bilbao",2
2020-07-12,"Leganes",1,"Valencia",0
2020-07-12,"Sevilla",2,"Mallorca",0
2020-07-13,"Alaves",0,"Getafe",0
2020-07-13,"Villarreal",1,"Sociedad",2
2020-07-13,"Granada",1,"Real Madrid",2
2020-07-16,"Eibar",3,"Valladolid",1
2020-07-16,"Ath Bilbao",0,"Leganes",2
2020-07-16,"Barcelona",1,"Osasuna",2
2020-07-16,"Betis",1,"Alaves",2
2020-07-16,"Celta",2,"Levante",3
2020-07-16,"Getafe",0,"Ath Madrid",2
2020-07-16,"Mallorca",1,"Granada",2
2020-07-16,"Real Madrid",2,"Villarreal",1
2020-07-16,"Sociedad",0,"Sevilla",0
2020-07-16,"Valencia",1,"Espanol",0
2020-07-19,"Alaves",0,"Barcelona",5
2020-07-19,"Valladolid",2,"Betis",0
2020-07-19,"Villarreal",4,"Eibar",0
2020-07-19,"Ath Madrid",1,"Sociedad",1
2020-07-19,"Espanol",0,"Celta",0
2020-07-19,"Granada",4,"Ath Bilbao",0
2020-07-19,"Leganes",2,"Real Madrid",2
2020-07-19,"Levante",1,"Getafe",0
2020-07-19,"Osasuna",2,"Mallorca",2
2020-07-19,"Sevilla",1,"Valencia",0
